atm_id,bank_code,latitude,longitude,zone_id,location_type,cash_capacity_level,historical_cashout_count,operating_status
ATM-CE-001,BANK_HDFC_SYNTH,28.60999,77.22574,ZONE_CENTRAL,STANDALONE_KIOSK,HIGH,108,ONLINE
ATM-CE-002,BANK_ICIC_SYNTH,28.61954,77.21055,ZONE_CENTRAL,STANDALONE_KIOSK,MEDIUM,86,ONLINE
ATM-CE-003,BANK_HDFC_SYNTH,28.6447,77.19257,ZONE_CENTRAL,STANDALONE_KIOSK,HIGH,94,ONLINE
ATM-CE-004,BANK_HDFC_SYNTH,28.61867,77.23076,ZONE_CENTRAL,BRANCH_ATTACHED,MEDIUM,48,ONLINE
ATM-CE-005,BANK_ICIC_SYNTH,28.6192,77.23705,ZONE_CENTRAL,STANDALONE_KIOSK,MEDIUM,94,ONLINE
ATM-CE-006,BANK_SBI_SYNTH,28.62039,77.2199,ZONE_CENTRAL,TRANSIT_METRO,HIGH,132,ONLINE
ATM-CE-007,BANK_SBI_SYNTH,28.68001,77.24149,ZONE_CENTRAL,STANDALONE_KIOSK,LOW,40,ONLINE
ATM-CE-008,BANK_AXIS_SYNTH,28.63394,77.23587,ZONE_CENTRAL,TRANSIT_METRO,HIGH,74,ONLINE
ATM-CE-009,BANK_SBI_SYNTH,28.61184,77.1915,ZONE_CENTRAL,STANDALONE_KIOSK,LOW,73,ONLINE
ATM-CE-010,BANK_SBI_SYNTH,28.60965,77.22242,ZONE_CENTRAL,TRANSIT_METRO,HIGH,0,OUT_OF_CASH
ATM-NO-011,BANK_ICIC_SYNTH,28.71048,77.16598,ZONE_NORTH,BRANCH_ATTACHED,MEDIUM,55,ONLINE
ATM-NO-012,BANK_HDFC_SYNTH,28.67285,77.16979,ZONE_NORTH,STANDALONE_KIOSK,MEDIUM,63,ONLINE
ATM-NO-013,BANK_ICIC_SYNTH,28.71503,77.15534,ZONE_NORTH,BRANCH_ATTACHED,HIGH,62,ONLINE
ATM-NO-014,BANK_ICIC_SYNTH,28.72692,77.15609,ZONE_NORTH,BRANCH_ATTACHED,MEDIUM,32,ONLINE
ATM-NO-015,BANK_SBI_SYNTH,28.67446,77.16876,ZONE_NORTH,BRANCH_ATTACHED,LOW,49,ONLINE
ATM-NO-016,BANK_HDFC_SYNTH,28.68579,77.16339,ZONE_NORTH,STANDALONE_KIOSK,HIGH,80,ONLINE
ATM-NO-017,BANK_AXIS_SYNTH,28.70903,77.17085,ZONE_NORTH,TRANSIT_METRO,LOW,42,ONLINE
ATM-NO-018,BANK_PNB_SYNTH,28.72469,77.15316,ZONE_NORTH,TRANSIT_METRO,MEDIUM,54,ONLINE
ATM-NO-019,BANK_SBI_SYNTH,28.72293,77.14474,ZONE_NORTH,TRANSIT_METRO,HIGH,116,ONLINE
ATM-NO-020,BANK_HDFC_SYNTH,28.69288,77.1448,ZONE_NORTH,STANDALONE_KIOSK,LOW,124,ONLINE
ATM-SO-021,BANK_HDFC_SYNTH,28.51302,77.22527,ZONE_SOUTH,TRANSIT_METRO,LOW,36,ONLINE
ATM-SO-022,BANK_HDFC_SYNTH,28.51069,77.18213,ZONE_SOUTH,STANDALONE_KIOSK,MEDIUM,70,ONLINE
ATM-SO-023,BANK_SBI_SYNTH,28.5386,77.19534,ZONE_SOUTH,STANDALONE_KIOSK,HIGH,140,ONLINE
ATM-SO-024,BANK_AXIS_SYNTH,28.54381,77.1793,ZONE_SOUTH,BRANCH_ATTACHED,HIGH,42,ONLINE
ATM-SO-025,BANK_HDFC_SYNTH,28.55529,77.22506,ZONE_SOUTH,BRANCH_ATTACHED,HIGH,37,ONLINE
ATM-SO-026,BANK_SBI_SYNTH,28.56072,77.21572,ZONE_SOUTH,STANDALONE_KIOSK,MEDIUM,62,ONLINE
ATM-SO-027,BANK_ICIC_SYNTH,28.53965,77.18354,ZONE_SOUTH,STANDALONE_KIOSK,LOW,119,ONLINE
ATM-SO-028,BANK_SBI_SYNTH,28.52358,77.21001,ZONE_SOUTH,BRANCH_ATTACHED,LOW,46,ONLINE
ATM-SO-029,BANK_HDFC_SYNTH,28.52416,77.19629,ZONE_SOUTH,TRANSIT_METRO,LOW,80,ONLINE
ATM-SO-030,BANK_SBI_SYNTH,28.55339,77.18439,ZONE_SOUTH,TRANSIT_METRO,LOW,41,ONLINE
ATM-EA-031,BANK_ICIC_SYNTH,28.62407,77.30525,ZONE_EAST,STANDALONE_KIOSK,HIGH,80,ONLINE
ATM-EA-032,BANK_SBI_SYNTH,28.62315,77.2681,ZONE_EAST,BRANCH_ATTACHED,MEDIUM,55,ONLINE
ATM-EA-033,BANK_ICIC_SYNTH,28.60648,77.26965,ZONE_EAST,BRANCH_ATTACHED,MEDIUM,16,ONLINE
ATM-EA-034,BANK_ICIC_SYNTH,28.60438,77.29263,ZONE_EAST,STANDALONE_KIOSK,HIGH,86,ONLINE
ATM-EA-035,BANK_AXIS_SYNTH,28.63582,77.28569,ZONE_EAST,BRANCH_ATTACHED,MEDIUM,31,ONLINE
ATM-EA-036,BANK_HDFC_SYNTH,28.59468,77.28938,ZONE_EAST,BRANCH_ATTACHED,HIGH,56,ONLINE
ATM-EA-037,BANK_ICIC_SYNTH,28.61777,77.30333,ZONE_EAST,TRANSIT_METRO,LOW,63,ONLINE
ATM-EA-038,BANK_SBI_SYNTH,28.63882,77.28384,ZONE_EAST,STANDALONE_KIOSK,HIGH,133,ONLINE
ATM-EA-039,BANK_AXIS_SYNTH,28.63134,77.32173,ZONE_EAST,STANDALONE_KIOSK,MEDIUM,0,OUT_OF_CASH
ATM-EA-040,BANK_SBI_SYNTH,28.63903,77.29092,ZONE_EAST,BRANCH_ATTACHED,MEDIUM,56,ONLINE
ATM-WE-041,BANK_HDFC_SYNTH,28.66629,77.08913,ZONE_WEST,TRANSIT_METRO,LOW,64,ONLINE
ATM-WE-042,BANK_HDFC_SYNTH,28.67587,77.10013,ZONE_WEST,BRANCH_ATTACHED,MEDIUM,39,ONLINE
ATM-WE-043,BANK_PNB_SYNTH,28.62925,77.07299,ZONE_WEST,STANDALONE_KIOSK,MEDIUM,61,ONLINE
ATM-WE-044,BANK_HDFC_SYNTH,28.61781,77.10643,ZONE_WEST,BRANCH_ATTACHED,HIGH,29,ONLINE
ATM-WE-045,BANK_PNB_SYNTH,28.63392,77.09397,ZONE_WEST,BRANCH_ATTACHED,MEDIUM,37,ONLINE
ATM-WE-046,BANK_ICIC_SYNTH,28.693,77.13318,ZONE_WEST,BRANCH_ATTACHED,MEDIUM,0,OUT_OF_CASH
ATM-WE-047,BANK_HDFC_SYNTH,28.66886,77.08869,ZONE_WEST,STANDALONE_KIOSK,MEDIUM,81,ONLINE
ATM-WE-048,BANK_SBI_SYNTH,28.63611,77.1299,ZONE_WEST,STANDALONE_KIOSK,HIGH,176,ONLINE
ATM-WE-049,BANK_HDFC_SYNTH,28.66702,77.1228,ZONE_WEST,STANDALONE_KIOSK,LOW,79,ONLINE
ATM-WE-050,BANK_HDFC_SYNTH,28.62612,77.13319,ZONE_WEST,STANDALONE_KIOSK,MEDIUM,54,ONLINE
